,structure_id,monoisotopic_mass,source_id,source_name,inchi,inchi_key2,smile
0,NP_27475,893.1469,SN00213169,Super_Natural_II,"InChI=1S/C27H42N7O19P3S/c1-14(8-17(36)37)9-18(38)57-7-6-29-16(35)4-5-30-25(41)22(40)27(2,3)11-50-56(47,48)53-55(45,46)49-10-15-21(52-54(42,43)44)20(39)26(51-15)34-13-33-19-23(28)31-12-32-24(19)34/h8,12-13,15,20-22,26,39-40H,4-7,9-11H2,1-3H3,(H,29,35)(H,30,41)(H,36,37)(H,45,46)(H,47,48)(H2,28,31,32)(H2,42,43,44)/b14-8+",RIYZIHGNSA,CC(=CC(=O)O)CC(=O)SCCNC(=O)CCNC(=O)C(O)C(C)(C)COP(=O)(O)OP(=O)(O)OCC1OC(n2cnc3c(N)ncnc32)C(O)C1OP(=O)(O)O
1,NP_85464,126.06808,SN00314856,Super_Natural_II,"InChI=1S/C7H10O2/c1-4-3-6(8)7(9)5(4)2/h4,9H,3H2,1-2H3/t4-/m1/s1",SCSAIBSYSA,CC1=C(O)C(=O)CC1C
2,NP_72530,257.112404,CHEBI:15374,ChEBI,"InChI=1S/C9H15N5O4/c1-3(15)5(16)4-2-11-6-9(18,14-4)7(17)13-8(10)12-6/h3-5,14-16,18H,2H2,1H3,(H3,10,11,12,13,17)",UHFFFAOYSA,CC(O)C(O)C1CN=C2NC(=N)N=C(O)C2(O)N1
3,NP_72530,257.112404,CHEBI:15642,ChEBI,"InChI=1S/C9H15N5O4/c1-3(15)5(16)4-2-11-6-9(18,14-4)7(17)13-8(10)12-6/h3-5,14-16,18H,2H2,1H3,(H3,10,11,12,13,17)",UHFFFAOYSA,CC(O)C(O)C1CN=C2NC(=N)N=C(O)C2(O)N1
4,NP_72530,257.112404,HMDB02281,Human_Metabolome,"InChI=1S/C9H15N5O4/c1-3(15)5(16)4-2-11-6-9(18,14-4)7(17)13-8(10)12-6/h3-5,14-16,18H,2H2,1H3,(H3,10,11,12,13,17)",UHFFFAOYSA,CC(O)C(O)C1CN=C2NC(=N)N=C(O)C2(O)N1
5,NP_38762,636.25706,SN00236735,Super_Natural_II,"InChI=1S/C35H40O11/c1-20-17-27(42-21(2)36)30(44-23(4)38)34(19-41-31(39)24-13-9-7-10-14-24)28(45-32(40)25-15-11-8-12-16-25)18-26-29(43-22(3)37)35(20,34)46-33(26,5)6/h7-16,20,26-30H,17-19H2,1-6H3/t20-,26-,27+,28+,29-,30+,34-,35-/m1/s1",HDWLWNEUSA,CC(=O)OC1CC(C)C23OC(C)(C)C(CC(OC(=O)c4ccccc4)C2(COC(=O)c2ccccc2)C1OC(C)=O)C3OC(C)=O
6,NP_189865,532.12169,SN00268080,Super_Natural_II,"InChI=1S/C25H24O13/c1-34-18(28)8-19(29)36-10-17-22(31)23(32)24(33)25(38-17)37-13-6-15(27)20-16(7-13)35-9-14(21(20)30)11-2-4-12(26)5-3-11/h2-7,9,17,22-27,31-33H,8,10H2,1H3/t17-,22+,23-,24-,25+/m0/s1",AXCOVFSZSA,COC(=O)CC(=O)OCC1OC(Oc2cc(O)c3c(=O)c(-c4ccc(O)cc4)coc3c2)C(O)C(O)C1O
7,NP_10582,410.19407,SN00356839,Super_Natural_II,"InChI=1S/C21H30O8/c1-9-4-5-12-14(9)18-11(10(2)19(26)28-18)6-7-21(12,3)29-20-17(25)16(24)15(23)13(8-22)27-20/h4,11-18,20,22-25H,2,5-8H2,1,3H3/t11-,12+,13+,14-,15+,16-,17+,18-,20-,21-/m0/s1",NKLUZWMZSA,C=C1C(=O)OC2C1CCC(C)(OC1OC(CO)C(O)C(O)C1O)C1CC=C(C)C21
8,NP_10582,410.19407,SN00399808,Super_Natural_II,"InChI=1S/C21H30O8/c1-9-4-5-12-14(9)18-11(10(2)19(26)28-18)6-7-21(12,3)29-20-17(25)16(24)15(23)13(8-22)27-20/h4,11-18,20,22-25H,2,5-8H2,1,3H3/t11-,12+,13+,14-,15+,16-,17+,18-,20-,21-/m0/s1",NKLUZWMZSA,C=C1C(=O)OC2C1CCC(C)(OC1OC(CO)C(O)C(O)C1O)C1CC=C(C)C21
9,NP_26241,529.400533,CHEBI:8884,ChEBI,"InChI=1S/C32H53N2O4/c1-5-14-34(15-6-7-16-34)28-20-26-24-9-8-23-19-29(36)27(33-12-17-37-18-13-33)21-32(23,4)25(24)10-11-31(26,3)30(28)38-22(2)35/h5,23-30,36H,1,6-21H2,2-4H3/q+1/t23-,24+,25-,26-,27-,28-,29-,30-,31-,32-/m0/s1",OOJCLDBCSA,C=CC[N+]1(C2CC3C4CCC5CC(O)C(N6CCOCC6)CC5(C)C4CCC3(C)C2OC(C)=O)CCCC1
10,NP_26241,529.400533,DB00728,DrugBank,"InChI=1S/C32H53N2O4/c1-5-14-34(15-6-7-16-34)28-20-26-24-9-8-23-19-29(36)27(33-12-17-37-18-13-33)21-32(23,4)25(24)10-11-31(26,3)30(28)38-22(2)35/h5,23-30,36H,1,6-21H2,2-4H3/q+1/t23-,24+,25-,26-,27-,28-,29-,30-,31-,32-/m0/s1",OOJCLDBCSA,C=CC[N+]1(C2CC3C4CCC5CC(O)C(N6CCOCC6)CC5(C)C4CCC3(C)C2OC(C)=O)CCCC1
11,NP_26241,529.400533,HMDB14866,Human_Metabolome,"InChI=1S/C32H53N2O4/c1-5-14-34(15-6-7-16-34)28-20-26-24-9-8-23-19-29(36)27(33-12-17-37-18-13-33)21-32(23,4)25(24)10-11-31(26,3)30(28)38-22(2)35/h5,23-30,36H,1,6-21H2,2-4H3/q+1/t23-,24+,25-,26-,27-,28-,29-,30-,31-,32-/m0/s1",OOJCLDBCSA,C=CC[N+]1(C2CC3C4CCC5CC(O)C(N6CCOCC6)CC5(C)C4CCC3(C)C2OC(C)=O)CCCC1
12,NP_247574,364.17869,SN00154970,Super_Natural_II,"InChI=1S/C22H24N2O3/c1-16-7-8-20-18(13-16)17(14-22(25)27-20)15-23-9-11-24(12-10-23)19-5-3-4-6-21(19)26-2/h3-8,13-14H,9-12,15H2,1-2H3",UHFFFAOYSA,COc1ccccc1N1CCN(Cc2cc(=O)oc3ccc(C)cc23)CC1
13,NP_178374,374.10407,SN00138144,Super_Natural_II,"InChI=1S/C12H15F9N2O/c1-23(7-5-3-2-4-6-7)8(24)22-9(10(13,14)15,11(16,17)18)12(19,20)21/h7H,2-6H2,1H3,(H,22,24)",UHFFFAOYSA,CN(C(=O)NC(C(F)(F)F)(C(F)(F)F)C(F)(F)F)C1CCCCC1
14,NP_227859,511.06415,SN00138268,Super_Natural_II,"InChI=1S/C19H12F11NO3/c1-33-13-8-7-11(10-5-3-2-4-6-10)9-12(13)31-14(32)15(20,17(23,24)25)34-19(29,30)16(21,22)18(26,27)28/h2-9H,1H3,(H,31,32)/t15-/m0/s1",HNNXBMFYSA,COc1ccc(-c2ccccc2)cc1NC(=O)C(F)(OC(F)(F)C(F)(F)C(F)(F)F)C(F)(F)F
15,NP_227859,511.06415,SN00138269,Super_Natural_II,"InChI=1S/C19H12F11NO3/c1-33-13-8-7-11(10-5-3-2-4-6-10)9-12(13)31-14(32)15(20,17(23,24)25)34-19(29,30)16(21,22)18(26,27)28/h2-9H,1H3,(H,31,32)/t15-/m0/s1",HNNXBMFYSA,COc1ccc(-c2ccccc2)cc1NC(=O)C(F)(OC(F)(F)C(F)(F)C(F)(F)F)C(F)(F)F
16,NP_82946,494.16679,SN00077684,Super_Natural_II,"InChI=1S/C25H35BrO5/c1-23-8-5-17(31-22(28)13-26)12-16(23)3-4-20-19(23)6-9-24(2)18(7-10-25(20,24)29)15-11-21(27)30-14-15/h11,16-20,29H,3-10,12-14H2,1-2H3/t16-,17-,18+,19-,20-,23-,24+,25-/m0/s1",GRWIWUSXSA,CC12CCC(OC(=O)CBr)CC1CCC1C2CCC2(C)C(C3=CC(=O)OC3)CCC12O
17,NP_82946,494.16679,SN00086139,Super_Natural_II,"InChI=1S/C25H35BrO5/c1-23-8-5-17(31-22(28)13-26)12-16(23)3-4-20-19(23)6-9-24(2)18(7-10-25(20,24)29)15-11-21(27)30-14-15/h11,16-20,29H,3-10,12-14H2,1-2H3/t16-,17-,18+,19-,20-,23-,24+,25-/m0/s1",GRWIWUSXSA,CC12CCC(OC(=O)CBr)CC1CCC1C2CCC2(C)C(C3=CC(=O)OC3)CCC12O
18,NP_82946,494.16679,SN00101541,Super_Natural_II,"InChI=1S/C25H35BrO5/c1-23-8-5-17(31-22(28)13-26)12-16(23)3-4-20-19(23)6-9-24(2)18(7-10-25(20,24)29)15-11-21(27)30-14-15/h11,16-20,29H,3-10,12-14H2,1-2H3/t16-,17-,18+,19-,20-,23-,24+,25-/m0/s1",GRWIWUSXSA,CC12CCC(OC(=O)CBr)CC1CCC1C2CCC2(C)C(C3=CC(=O)OC3)CCC12O
19,NP_82946,494.16679,SN00101542,Super_Natural_II,"InChI=1S/C25H35BrO5/c1-23-8-5-17(31-22(28)13-26)12-16(23)3-4-20-19(23)6-9-24(2)18(7-10-25(20,24)29)15-11-21(27)30-14-15/h11,16-20,29H,3-10,12-14H2,1-2H3/t16-,17-,18+,19-,20-,23-,24+,25-/m0/s1",GRWIWUSXSA,CC12CCC(OC(=O)CBr)CC1CCC1C2CCC2(C)C(C3=CC(=O)OC3)CCC12O
20,NP_312505,191.11844,SN00000397,Super_Natural_II,"InChI=1S/C11H14N2O/c14-11-3-1-2-10-9-4-8(5-12-6-9)7-13(10)11/h1-3,8-9,12H,4-7H2/p+1/t8-,9+/m0/s1",DTWKUNHWSA,O=c1cccc2n1CC1C[NH2+]CC2C1
21,NP_312505,191.11844,SN00002348,Super_Natural_II,"InChI=1S/C11H14N2O/c14-11-3-1-2-10-9-4-8(5-12-6-9)7-13(10)11/h1-3,8-9,12H,4-7H2/p+1/t8-,9+/m0/s1",DTWKUNHWSA,O=c1cccc2n1CC1C[NH2+]CC2C1
22,NP_278669,300.11101,SN00097681,Super_Natural_II,"InChI=1S/C16H16N2O4/c17-16(20)10-22-12-6-7-13(15(19)9-12)14(18-21)8-11-4-2-1-3-5-11/h1-7,9,19,21H,8,10H2,(H2,17,20)/b18-14+",NBVRZTHBSA,NC(=O)COc1ccc(C(Cc2ccccc2)=NO)c(O)c1
23,NP_168032,293.12632,SN00134482,Super_Natural_II,"InChI=1S/C15H19NO5/c1-3-21-15(20)12(16-10(2)14(18)19)9-13(17)11-7-5-4-6-8-11/h4-8,10,12,16H,3,9H2,1-2H3,(H,18,19)/t10-,12-/m0/s1",JQWIXIFHSA,CCOC(=O)C(CC(=O)c1ccccc1)[NH2+]C(C)C(=O)[O-]
24,NP_168032,293.12632,SN00134483,Super_Natural_II,"InChI=1S/C15H19NO5/c1-3-21-15(20)12(16-10(2)14(18)19)9-13(17)11-7-5-4-6-8-11/h4-8,10,12,16H,3,9H2,1-2H3,(H,18,19)/t10-,12-/m0/s1",JQWIXIFHSA,CCOC(=O)C(CC(=O)c1ccccc1)[NH2+]C(C)C(=O)[O-]
25,NP_81522,610.399525,CHEBI:91983,ChEBI,"InChI=1S/C37H50N6O2/c1-36-13-11-27(44)23-26(36)7-8-28-29-9-10-31(37(29,2)14-12-30(28)36)32(45)25-40-19-21-42(22-20-40)34-24-33(41-15-3-4-16-41)38-35(39-34)43-17-5-6-18-43/h11-13,23-24,28-29,31H,3-10,14-22,25H2,1-2H3/t28?,29?,31-,36?,37?/m1/s1",PAHCNOFYSA,CC12C=CC(=O)C=C1CCC1C2=CCC2(C)C(C(=O)CN3CCN(c4cc(N5CCCC5)nc(N5CCCC5)n4)CC3)CCC12
26,NP_293441,251.079373,HMDB29355,Human_Metabolome,"InChI=1/C12H13NO5/c14-10(6-8-4-2-1-3-5-8)13-9(12(17)18)7-11(15)16/h1-5,9H,6-7H2,(H,13,14)(H,15,16)(H,17,18)",UHFFFAOYNA,O=C(O)CC(N=C(O)Cc1ccccc1)C(=O)O
27,NP_186509,438.1678531719999,NPA005996,NP_Atlas,"InChI=1S/C25H26O7/c1-15(2)5-7-18-13-16(6-12-20(18)26)14-25(24(29)31-4)21(22(27)23(28)32-25)17-8-10-19(30-3)11-9-17/h5-6,8-13,26-27H,7,14H2,1-4H3/t25-/m1/s1",RUZDIDTESA,COC(=O)C1(Cc2ccc(O)c(CC=C(C)C)c2)OC(=O)C(O)=C1c1ccc(OC)cc1
28,NP_144836,888.572779,CHEBI:89138,ChEBI,"InChI=1S/C47H85O13P/c1-3-5-7-9-11-13-15-17-19-20-22-23-25-27-29-31-33-35-40(48)57-37-39(38-58-61(55,56)60-47-45(53)43(51)42(50)44(52)46(47)54)59-41(49)36-34-32-30-28-26-24-21-18-16-14-12-10-8-6-4-2/h11,13,17,19,22-23,39,42-47,50-54H,3-10,12,14-16,18,20-21,24-38H2,1-2H3,(H,55,56)/b13-11-,19-17-,23-22-/t39-,42?,43-,44?,45?,46?,47-/m1/s1",FRWZOJKRSA,CCCCCC=CCC=CCC=CCCCCCCC(=O)OCC(COP(=O)(O)OC1C(O)C(O)C(O)C(O)C1O)OC(=O)CCCCCCCCCCCCCCCCC
29,NP_144836,888.572779,HMDB09887,Human_Metabolome,"InChI=1S/C47H85O13P/c1-3-5-7-9-11-13-15-17-19-20-22-23-25-27-29-31-33-35-40(48)57-37-39(38-58-61(55,56)60-47-45(53)43(51)42(50)44(52)46(47)54)59-41(49)36-34-32-30-28-26-24-21-18-16-14-12-10-8-6-4-2/h11,13,17,19,22-23,39,42-47,50-54H,3-10,12,14-16,18,20-21,24-38H2,1-2H3,(H,55,56)/b13-11-,19-17-,23-22-/t39-,42?,43-,44?,45?,46?,47-/m1/s1",FRWZOJKRSA,CCCCCC=CCC=CCC=CCCCCCCC(=O)OCC(COP(=O)(O)OC1C(O)C(O)C(O)C(O)C1O)OC(=O)CCCCCCCCCCCCCCCCC
30,NP_144836,888.572779,SN00219690,Super_Natural_II,"InChI=1S/C47H85O13P/c1-3-5-7-9-11-13-15-17-19-20-22-23-25-27-29-31-33-35-40(48)57-37-39(38-58-61(55,56)60-47-45(53)43(51)42(50)44(52)46(47)54)59-41(49)36-34-32-30-28-26-24-21-18-16-14-12-10-8-6-4-2/h11,13,17,19,22-23,39,42-47,50-54H,3-10,12,14-16,18,20-21,24-38H2,1-2H3,(H,55,56)/b13-11-,19-17-,23-22-/t39-,42?,43-,44?,45?,46?,47-/m1/s1",FRWZOJKRSA,CCCCCC=CCC=CCC=CCCCCCCC(=O)OCC(COP(=O)(O)OC1C(O)C(O)C(O)C(O)C1O)OC(=O)CCCCCCCCCCCCCCCCC
31,NP_321040,780.71348,SN00302508,Super_Natural_II,"InChI=1S/C54H90N3/c1-4-10-16-22-28-37-52-40-34-47-56(49-52)44-32-26-20-14-8-3-6-12-18-24-30-39-54-42-36-48-57(51-54)45-33-27-21-15-9-2-5-11-17-23-29-38-53-41-35-46-55(50-53)43-31-25-19-13-7-1/h34-36,40-42,46-51H,1-33,37-39,43-45H2/q+3",UHFFFAOYSA,c1cc2c[n+](c1)CCCCCCCCCCCCCc1ccc[n+](c1)CCCCCCCCCCCCCc1ccc[n+](c1)CCCCCCCCCCCCC2
32,NP_295748,2772.23951,SN00311139,Super_Natural_II,"InChI=1S/C123H80O76/c124-27-1-17(2-28(125)67(27)137)109(170)188-40-14-185-112(173)20-7-33(130)70(140)77(147)43(20)45-22(9-35(132)72(142)79(45)149)114(175)191-100(40)106-103-59(56-62(120(181)194-103)51(85(155)96(166)90(56)160)48-25(117(178)197-106)12-38(135)75(145)82(48)152)55-61-50(84(154)95(165)89(55)159)47-24(11-37(134)74(144)81(47)151)116(177)193-102(42(16-187-119(61)180)190-111(172)19-5-31(128)69(139)32(129)6-19)108-105-94(164)66-65(123(184)196-105)54(88(158)99(169)93(66)163)53-64(122(183)199-108)58(92(162)98(168)87(53)157)60-57-63-52(86(156)97(167)91(57)161)49-26(13-39(136)76(146)83(49)153)118(179)198-107(104(60)195-121(63)182)101-41(189-110(171)18-3-29(126)68(138)30(127)4-18)15-186-113(174)21-8-34(131)71(141)78(148)44(21)46-23(115(176)192-101)10-36(133)73(143)80(46)150/h1-13,40-42,59-60,94,100-108,124-169H,14-16H2/t40-,41-,42-,59+,60-,94-,100-,101-,102-,103+,104+,105+,106+,107+,108+/m1/s1",VYGGIXBKSA,O=C(OC1COC(=O)c2c(c(O)c(O)c(O)c2C2c3c(O)c(O)c(O)c4c3C(=O)OC2C(C2OC(=O)c3cc(O)c(O)c(O)c3-c3c(cc(O)c(O)c3O)C(=O)OCC2OC(=O)c2cc(O)c(O)c(O)c2)OC(=O)c2cc(O)c(O)c(O)c2-4)-c2c(cc(O)c(O)c2O)C(=O)OC1C1OC(=O)c2c(c(O)c(O)c(O)c2C2c3c(O)c(O)c(O)c4c3C(=O)OC2C(C2OC(=O)c3cc(O)c(O)c(O)c3-c3c(cc(O)c(O)c3O)C(=O)OCC2OC(=O)c2cc(O)c(O)c(O)c2)OC(=O)c2cc(O)c(O)c(O)c2-4)-c2c(O)c(O)c(O)c3c2C(=O)OC1C3O)c1cc(O)c(O)c(O)c1
33,NP_30931,314.22458,HMDB13121,Human_Metabolome,"InChI=1S/C21H30O2/c1-13(22)17-6-7-18-16-5-4-14-12-15(23)8-10-20(14,2)19(16)9-11-21(17,18)3/h4-5,15,17-19,23H,6-12H2,1-3H3/t15-,17?,18?,19?,20-,21+/m0/s1",IOHSXPNESA,CC(=O)C1CCC2C3=CC=C4CC(O)CCC4(C)C3CCC12C
34,NP_213458,460.16344,SN00150115,Super_Natural_II,"InChI=1S/C26H24N2O6/c1-30-22-11-17(12-23(31-2)26(22)32-3)10-21-24(29)18-4-5-20-19(25(18)34-21)14-28(15-33-20)13-16-6-8-27-9-7-16/h4-12H,13-15H2,1-3H3/b21-10-",FBHDLOMBSA,COc1cc(C=C2Oc3c(ccc4c3CN(Cc3ccncc3)CO4)C2=O)cc(OC)c1OC
35,NP_179919,433.12423,SN00017511,Super_Natural_II,"InChI=1S/C19H23N5O3S2/c1-24(2)11-5-3-10(4-6-11)21-19-22-14-15(26)13(25)9-12(16(14)29-19)17(27)23-18-20-7-8-28-18/h3-8,12-16,25-26H,9H2,1-2H3,(H,21,22)(H,20,23,27)/t12-,13+,14-,15-,16+/m0/s1",XFIYOXNOSA,CN(C)c1ccc(NC2=NC3C(O)C(O)CC(C(=O)Nc4nccs4)C3S2)cc1
36,NP_98052,370.20232,SN00027600,Super_Natural_II,"InChI=1S/C19H29ClN2O3/c1-13-5-7-22(8-6-13)18-16(25-17(12-23)19(18)24)11-21-10-14-3-2-4-15(20)9-14/h2-4,9,13,16-19,21,23-24H,5-8,10-12H2,1H3/p+2/t16-,17+,18+,19-/m1/s1",YDZRNGNQSA,CC1CC[NH+](C2C(C[NH2+]Cc3cccc(Cl)c3)OC(CO)C2O)CC1
37,NP_9926,248.14124,SN00237798,Super_Natural_II,"InChI=1S/C15H20O3/c1-8-5-4-6-15(3)7-10(16)11-9(2)14(17)18-13(11)12(8)15/h5,10-13,16H,2,4,6-7H2,1,3H3/t10-,11-,12-,13+,15-/m1/s1",XLFUENPSSA,C=C1C(=O)OC2C1C(O)CC1(C)CCC=C(C)C21
38,NP_284377,255.05316,SN00120718,Super_Natural_II,InChI=1S/C14H9NO4/c16-13(10-4-2-1-3-5-10)14(17)11-6-8-12(9-7-11)15(18)19/h1-9H,UHFFFAOYSA,O=C(C(=O)c1ccc([N+](=O)[O-])cc1)c1ccccc1
39,NP_200744,465.20459,CHEBI:100042,ChEBI,"InChI=1S/C21H31N5O5S/c1-14-9-22-15(2)12-31-18-8-16(24-32(28,29)20-11-25(3)13-23-20)6-7-17(18)21(27)26(4)10-19(14)30-5/h6-8,11,13-15,19,22,24H,9-10,12H2,1-5H3/t14-,15-,19+/m0/s1",YZVOILCLSA,COC1CN(C)C(=O)c2ccc(NS(=O)(=O)c3cn(C)cn3)cc2OCC(C)NCC1C
40,NP_200744,465.20459,CHEBI:102453,ChEBI,"InChI=1S/C21H31N5O5S/c1-14-9-22-15(2)12-31-18-8-16(24-32(28,29)20-11-25(3)13-23-20)6-7-17(18)21(27)26(4)10-19(14)30-5/h6-8,11,13-15,19,22,24H,9-10,12H2,1-5H3/t14-,15-,19+/m0/s1",YZVOILCLSA,COC1CN(C)C(=O)c2ccc(NS(=O)(=O)c3cn(C)cn3)cc2OCC(C)NCC1C
41,NP_200744,465.20459,CHEBI:102479,ChEBI,"InChI=1S/C21H31N5O5S/c1-14-9-22-15(2)12-31-18-8-16(24-32(28,29)20-11-25(3)13-23-20)6-7-17(18)21(27)26(4)10-19(14)30-5/h6-8,11,13-15,19,22,24H,9-10,12H2,1-5H3/t14-,15-,19+/m0/s1",YZVOILCLSA,COC1CN(C)C(=O)c2ccc(NS(=O)(=O)c3cn(C)cn3)cc2OCC(C)NCC1C
42,NP_200744,465.20459,CHEBI:99547,ChEBI,"InChI=1S/C21H31N5O5S/c1-14-9-22-15(2)12-31-18-8-16(24-32(28,29)20-11-25(3)13-23-20)6-7-17(18)21(27)26(4)10-19(14)30-5/h6-8,11,13-15,19,22,24H,9-10,12H2,1-5H3/t14-,15-,19+/m0/s1",YZVOILCLSA,COC1CN(C)C(=O)c2ccc(NS(=O)(=O)c3cn(C)cn3)cc2OCC(C)NCC1C
43,NP_275699,404.167082,CHEBI:115726,ChEBI,"InChI=1S/C23H24N4OS/c24-13-18-20(25)27-22(19(21(26)28)23(18)11-4-1-5-12-23)29-14-16-9-6-8-15-7-2-3-10-17(15)16/h2-3,6-10,19H,1,4-5,11-12,14,25H2,(H2,26,28)",UHFFFAOYSA,N#CC1=C(N)N=C(SCc2cccc3ccccc23)C(C(=N)O)C12CCCCC2
44,NP_265220,476.40182,SN00130240,Super_Natural_II,"InChI=1S/C34H52O/c1-23(2)8-7-9-25(4)30-16-17-31-29-15-12-26-22-28(35-27-13-10-24(3)11-14-27)18-20-33(26,5)32(29)19-21-34(30,31)6/h10-14,23,25,28-32H,7-9,15-22H2,1-6H3/t25-,28+,29+,30-,31-,32-,33+,34-/m1/s1",HGMVGTBHSA,Cc1ccc(OC2CCC3(C)C(=CCC4C3CCC3(C)C(C(C)CCCC(C)C)CCC43)C2)cc1
45,NP_265220,476.40182,SN00133292,Super_Natural_II,"InChI=1S/C34H52O/c1-23(2)8-7-9-25(4)30-16-17-31-29-15-12-26-22-28(35-27-13-10-24(3)11-14-27)18-20-33(26,5)32(29)19-21-34(30,31)6/h10-14,23,25,28-32H,7-9,15-22H2,1-6H3/t25-,28+,29+,30-,31-,32-,33+,34-/m1/s1",HGMVGTBHSA,Cc1ccc(OC2CCC3(C)C(=CCC4C3CCC3(C)C(C(C)CCCC(C)C)CCC43)C2)cc1
46,NP_265220,476.40182,SN00133293,Super_Natural_II,"InChI=1S/C34H52O/c1-23(2)8-7-9-25(4)30-16-17-31-29-15-12-26-22-28(35-27-13-10-24(3)11-14-27)18-20-33(26,5)32(29)19-21-34(30,31)6/h10-14,23,25,28-32H,7-9,15-22H2,1-6H3/t25-,28+,29+,30-,31-,32-,33+,34-/m1/s1",HGMVGTBHSA,Cc1ccc(OC2CCC3(C)C(=CCC4C3CCC3(C)C(C(C)CCCC(C)C)CCC43)C2)cc1
47,NP_265220,476.40182,SN00133294,Super_Natural_II,"InChI=1S/C34H52O/c1-23(2)8-7-9-25(4)30-16-17-31-29-15-12-26-22-28(35-27-13-10-24(3)11-14-27)18-20-33(26,5)32(29)19-21-34(30,31)6/h10-14,23,25,28-32H,7-9,15-22H2,1-6H3/t25-,28+,29+,30-,31-,32-,33+,34-/m1/s1",HGMVGTBHSA,Cc1ccc(OC2CCC3(C)C(=CCC4C3CCC3(C)C(C(C)CCCC(C)C)CCC43)C2)cc1
48,NP_53836,350.22458,SN00303889,Super_Natural_II,"InChI=1S/C24H30O2/c1-18(2)8-7-9-19(3)12-15-22-23(25)16-21(17-24(22)26)14-13-20-10-5-4-6-11-20/h4-6,8,10-12,16-17,25-26H,7,9,13-15H2,1-3H3/b19-12+",XDHOZWIPSA,CC(C)=CCCC(C)=CCc1c(O)cc(CCc2ccccc2)cc1O
49,NP_155595,649.468255,HMDB08887,Human_Metabolome,"InChI=1S/C34H68NO8P/c1-3-5-7-9-11-13-15-17-18-20-22-24-26-33(36)40-30-32(31-42-44(38,39)41-29-28-35)43-34(37)27-25-23-21-19-16-14-12-10-8-6-4-2/h32H,3-31,35H2,1-2H3,(H,38,39)/t32-/m1/s1",JGCGQSQUSA,CCCCCCCCCCCCCCC(=O)OCC(COP(=O)(O)OCCN)OC(=O)CCCCCCCCCCCCC
50,NP_155595,649.468255,SN00218703,Super_Natural_II,"InChI=1S/C34H68NO8P/c1-3-5-7-9-11-13-15-17-18-20-22-24-26-33(36)40-30-32(31-42-44(38,39)41-29-28-35)43-34(37)27-25-23-21-19-16-14-12-10-8-6-4-2/h32H,3-31,35H2,1-2H3,(H,38,39)/t32-/m1/s1",JGCGQSQUSA,CCCCCCCCCCCCCCC(=O)OCC(COP(=O)(O)OCCN)OC(=O)CCCCCCCCCCCCC
51,NP_271773,396.05724,SN00144227,Super_Natural_II,"InChI=1S/C18H21BrO5/c1-9(2)22-16(20)15-10(3)23-13-8-12(19)14(7-11(13)15)24-17(21)18(4,5)6/h7-9H,1-6H3",UHFFFAOYSA,Cc1oc2cc(Br)c(OC(=O)C(C)(C)C)cc2c1C(=O)OC(C)C
52,NP_93037,358.29841,SN00235383,Super_Natural_II,"InChI=1S/C23H38N2O/c1-16-10-18(3)25-20(12-16)6-4-7-21(25)14-19-11-17(2)13-23-22(19)8-5-9-24(23)15-26/h15-18,20-21,23H,4-14H2,1-3H3/t16-,17+,18+,20+,21+,23+/m1/s1",KOVPLRSCSA,CC1CC(CC2CCCC3CC(C)CC(C)N23)=C2CCCN(C=O)C2C1
53,NP_166644,377.25661,SN00345470,Super_Natural_II,"InChI=1S/C22H35NO4/c1-3-23-10-19(2)14-9-13-17(23)21(14,7-5-16(19)25)15-8-12-4-6-20(13,15)18(26)22(12,27)11-24/h12-18,24-27H,3-11H2,1-2H3/t12-,13-,14+,15+,16+,17+,18-,19-,20-,21-,22-/m0/s1",UNIHHUBBSA,CCN1CC2(C)C(O)CCC34C1C(CC23)C12CCC(CC41)C(O)(CO)C2O
54,NP_190721,418.30831,SN00066812,Super_Natural_II,"InChI=1S/C26H42O4/c1-16(6-11-24(28)30-5)20-9-10-21-19-8-7-17-14-18(27)12-13-25(17,2)22(19)15-23(29-4)26(20,21)3/h15-21,23,27H,6-14H2,1-5H3/t16-,17-,18+,19+,20-,21-,23-,25-,26+/m0/s1",CNALOUIDSA,COC(=O)CCC(C)C1CCC2C3CCC4CC(O)CCC4(C)C3=CC(OC)C12C
55,NP_190721,418.30831,SN00066813,Super_Natural_II,"InChI=1S/C26H42O4/c1-16(6-11-24(28)30-5)20-9-10-21-19-8-7-17-14-18(27)12-13-25(17,2)22(19)15-23(29-4)26(20,21)3/h15-21,23,27H,6-14H2,1-5H3/t16-,17-,18+,19+,20-,21-,23-,25-,26+/m0/s1",CNALOUIDSA,COC(=O)CCC(C)C1CCC2C3CCC4CC(O)CCC4(C)C3=CC(OC)C12C
56,NP_190721,418.30831,SN00066814,Super_Natural_II,"InChI=1S/C26H42O4/c1-16(6-11-24(28)30-5)20-9-10-21-19-8-7-17-14-18(27)12-13-25(17,2)22(19)15-23(29-4)26(20,21)3/h15-21,23,27H,6-14H2,1-5H3/t16-,17-,18+,19+,20-,21-,23-,25-,26+/m0/s1",CNALOUIDSA,COC(=O)CCC(C)C1CCC2C3CCC4CC(O)CCC4(C)C3=CC(OC)C12C
57,NP_190721,418.30831,SN00066815,Super_Natural_II,"InChI=1S/C26H42O4/c1-16(6-11-24(28)30-5)20-9-10-21-19-8-7-17-14-18(27)12-13-25(17,2)22(19)15-23(29-4)26(20,21)3/h15-21,23,27H,6-14H2,1-5H3/t16-,17-,18+,19+,20-,21-,23-,25-,26+/m0/s1",CNALOUIDSA,COC(=O)CCC(C)C1CCC2C3CCC4CC(O)CCC4(C)C3=CC(OC)C12C
58,NP_252816,545.15333,SN00165658,Super_Natural_II,"InChI=1S/C26H27NO12/c1-27-9-16(24(33)34)25(35)37-11-19-21(30)22(31)23(32)26(39-19)38-14-6-7-15-18(8-14)36-10-17(20(15)29)12-2-4-13(28)5-3-12/h2-8,10,16,19,21-23,26-28,30-32H,9,11H2,1H3,(H,33,34)/t16-,19-,21-,22+,23-,26-/m0/s1",GNFZIOJCSA,C[NH2+]CC(C(=O)[O-])C(=O)OCC1OC(Oc2ccc3c(=O)c(-c4ccc(O)cc4)coc3c2)C(O)C(O)C1O
59,NP_256490,240.07864,SN00158183,Super_Natural_II,"InChI=1S/C15H12O3/c1-9-12(16)6-11(7-13(9)17)15-8-10-4-2-3-5-14(10)18-15/h2-8,16-17H,1H3",UHFFFAOYSA,Cc1c(O)cc(-c2cc3ccccc3o2)cc1O
60,NP_165269,395.13689,SN00050446,Super_Natural_II,"InChI=1S/C22H21NO6/c1-2-3-14-8-15-19(10-18(14)29-12-21(23)24)28-11-16(22(15)25)13-4-5-17-20(9-13)27-7-6-26-17/h4-5,8-11H,2-3,6-7,12H2,1H3,(H2,23,24)",UHFFFAOYSA,CCCc1cc2c(=O)c(-c3ccc4c(c3)OCCO4)coc2cc1OCC(N)=O
61,NP_177394,375.18344,SN00059398,Super_Natural_II,"InChI=1S/C24H25NO3/c1-3-16-8-4-7-11-21(16)25-13-17-12-20-18-9-5-6-10-19(18)24(26)28-23(20)15(2)22(17)27-14-25/h4,7-8,11-12H,3,5-6,9-10,13-14H2,1-2H3",UHFFFAOYSA,CCc1ccccc1N1COc2c(cc3c4c(c(=O)oc3c2C)CCCC4)C1
62,NP_207377,608.17412,SN00270322,Super_Natural_II,"InChI=1S/C28H32O15/c1-10-19(32)22(35)24(37)27(39-10)43-26-23(36)20(33)17(9-29)42-28(26)40-12-5-3-11(4-6-12)15-7-13(30)18-16(41-15)8-14(31)25(38-2)21(18)34/h3-8,10,17,19-20,22-24,26-29,31-37H,9H2,1-2H3/t10-,17+,19-,20+,22+,23-,24+,26+,27-,28+/m1/s1",QQAIAEBOSA,COc1c(O)cc2oc(-c3ccc(OC4OC(CO)C(O)C(O)C4OC4OC(C)C(O)C(O)C4O)cc3)cc(=O)c2c1O
63,NP_190480,429.145738,CHEBI:100486,ChEBI,"InChI=1S/C19H27NO8S/c1-25-16-5-3-4-6-18(16)29(23,24)20-10-13(21)11-27-12-17-15(20)8-7-14(28-17)9-19(22)26-2/h3-6,13-15,17,21H,7-12H2,1-2H3/t13-,14-,15-,17+/m0/s1",QBYUYEEZSA,COC(=O)CC1CCC2C(COCC(O)CN2S(=O)(=O)c2ccccc2OC)O1
64,NP_190480,429.145738,CHEBI:102142,ChEBI,"InChI=1S/C19H27NO8S/c1-25-16-5-3-4-6-18(16)29(23,24)20-10-13(21)11-27-12-17-15(20)8-7-14(28-17)9-19(22)26-2/h3-6,13-15,17,21H,7-12H2,1-2H3/t13-,14-,15-,17+/m0/s1",QBYUYEEZSA,COC(=O)CC1CCC2C(COCC(O)CN2S(=O)(=O)c2ccccc2OC)O1
65,NP_190480,429.145738,CHEBI:102538,ChEBI,"InChI=1S/C19H27NO8S/c1-25-16-5-3-4-6-18(16)29(23,24)20-10-13(21)11-27-12-17-15(20)8-7-14(28-17)9-19(22)26-2/h3-6,13-15,17,21H,7-12H2,1-2H3/t13-,14-,15-,17+/m0/s1",QBYUYEEZSA,COC(=O)CC1CCC2C(COCC(O)CN2S(=O)(=O)c2ccccc2OC)O1
66,NP_190480,429.145738,CHEBI:97470,ChEBI,"InChI=1S/C19H27NO8S/c1-25-16-5-3-4-6-18(16)29(23,24)20-10-13(21)11-27-12-17-15(20)8-7-14(28-17)9-19(22)26-2/h3-6,13-15,17,21H,7-12H2,1-2H3/t13-,14-,15-,17+/m0/s1",QBYUYEEZSA,COC(=O)CC1CCC2C(COCC(O)CN2S(=O)(=O)c2ccccc2OC)O1
67,NP_190480,429.145738,CHEBI:98414,ChEBI,"InChI=1S/C19H27NO8S/c1-25-16-5-3-4-6-18(16)29(23,24)20-10-13(21)11-27-12-17-15(20)8-7-14(28-17)9-19(22)26-2/h3-6,13-15,17,21H,7-12H2,1-2H3/t13-,14-,15-,17+/m0/s1",QBYUYEEZSA,COC(=O)CC1CCC2C(COCC(O)CN2S(=O)(=O)c2ccccc2OC)O1
68,NP_190480,429.145738,CHEBI:99170,ChEBI,"InChI=1S/C19H27NO8S/c1-25-16-5-3-4-6-18(16)29(23,24)20-10-13(21)11-27-12-17-15(20)8-7-14(28-17)9-19(22)26-2/h3-6,13-15,17,21H,7-12H2,1-2H3/t13-,14-,15-,17+/m0/s1",QBYUYEEZSA,COC(=O)CC1CCC2C(COCC(O)CN2S(=O)(=O)c2ccccc2OC)O1
69,NP_190480,429.145738,CHEBI:99285,ChEBI,"InChI=1S/C19H27NO8S/c1-25-16-5-3-4-6-18(16)29(23,24)20-10-13(21)11-27-12-17-15(20)8-7-14(28-17)9-19(22)26-2/h3-6,13-15,17,21H,7-12H2,1-2H3/t13-,14-,15-,17+/m0/s1",QBYUYEEZSA,COC(=O)CC1CCC2C(COCC(O)CN2S(=O)(=O)c2ccccc2OC)O1
70,NP_308061,463.06203,SN00010629,Super_Natural_II,"InChI=1S/C18H17N5O6S2/c24-31(25,15-2-1-5-30-15)20-11-7-26-17-12(8-27-16(11)17)23-18(19-21-22-23)10-3-4-13-14(6-10)29-9-28-13/h1-6,11-12,16-17,20H,7-9H2/t11-,12-,16+,17+/m0/s1",IYVPYFHTSA,O=S(=O)(NC1COC2C1OCC2n1nnnc1-c1ccc2c(c1)OCO2)c1cccs1
71,NP_224040,404.177,DB07596,DrugBank,"InChI=1S/C21H28N2O4S/c1-21-9-7-15-16(18(21)6-4-14(21)8-10-22)5-3-13-11-20(27-28(23,24)25)19(26-2)12-17(13)15/h11-12,14-16,18H,3-9H2,1-2H3,(H2,23,24,25)/t14-,15+,16-,18+,21-/m1/s1",NNKXXINSSA,COc1cc2c(cc1OS(N)(=O)=O)CCC1C2CCC2(C)C(CC#N)CCC12
72,NP_89597,222.198365,HMDB35351,Human_Metabolome,"InChI=1/C15H26O/c1-11(2)15(16)10-9-14(4)8-7-12(3)5-6-13(14)15/h7,11,13,16H,5-6,8-10H2,1-4H3",UHFFFAOYNA,CC1=CCC2(C)CCC(O)(C(C)C)C2CC1
73,NP_319163,12.0,CHEBI:27594,ChEBI,InChI=1S/C,UHFFFAOYSA,[C]
74,NP_319163,12.0,CHEBI:36927,ChEBI,InChI=1S/C,UHFFFAOYSA,[C]
75,NP_319163,12.0,CHEBI:36928,ChEBI,InChI=1S/C,UHFFFAOYSA,[C]
76,NP_319163,12.0,CHEBI:36929,ChEBI,InChI=1S/C,UHFFFAOYSA,[C]
77,NP_319163,12.0,CHEBI:36930,ChEBI,InChI=1S/C,UHFFFAOYSA,[C]
78,NP_319163,12.0,CHEBI:36931,ChEBI,InChI=1S/C,UHFFFAOYSA,[C]
79,NP_75803,488.3501746359999,NPA011154,NP_Atlas,"InChI=1S/C30H48O5/c1-25(2)16-20-19-8-9-21-27(4,12-11-24(33)34)22(30(7,35)18-31)10-13-29(21,6)28(19,5)15-14-26(20,3)23(32)17-25/h8,20-22,31,35H,9-18H2,1-7H3,(H,33,34)/t20-,21?,22?,26+,27+,28+,29+,30?/m0/s1",NNKHYHIKSA,CC1(C)CC(=O)C2(C)CCC3(C)C(=CCC4C(C)(CCC(=O)O)C(C(C)(O)CO)CCC43C)C2C1
80,NP_75803,488.3501746359999,SN00305130,Super_Natural_II,"InChI=1S/C30H48O5/c1-25(2)16-20-19-8-9-21-27(4,12-11-24(33)34)22(30(7,35)18-31)10-13-29(21,6)28(19,5)15-14-26(20,3)23(32)17-25/h8,20-22,31,35H,9-18H2,1-7H3,(H,33,34)/t20-,21?,22?,26+,27+,28+,29+,30?/m0/s1",NNKHYHIKSA,CC1(C)CC(=O)C2(C)CCC3(C)C(=CCC4C(C)(CCC(=O)O)C(C(C)(O)CO)CCC43C)C2C1
81,NP_34477,413.23011,SN00015476,Super_Natural_II,"InChI=1S/C21H28N6O3/c1-14(28)22-6-7-23-21(30)19-12-26-8-5-15(19)9-17(26)11-27-13-20(24-25-27)16-3-2-4-18(29)10-16/h2-4,10,13,15,17,19,29H,5-9,11-12H2,1H3,(H,22,28)(H,23,30)/p+1/t15-,17+,19-/m0/s1",WDYCEAGBSA,CC(=O)NCCNC(=O)C1C[NH+]2CCC1CC2Cn1cc(-c2cccc(O)c2)nn1
82,NP_34477,413.23011,SN00015477,Super_Natural_II,"InChI=1S/C21H28N6O3/c1-14(28)22-6-7-23-21(30)19-12-26-8-5-15(19)9-17(26)11-27-13-20(24-25-27)16-3-2-4-18(29)10-16/h2-4,10,13,15,17,19,29H,5-9,11-12H2,1H3,(H,22,28)(H,23,30)/p+1/t15-,17+,19-/m0/s1",WDYCEAGBSA,CC(=O)NCCNC(=O)C1C[NH+]2CCC1CC2Cn1cc(-c2cccc(O)c2)nn1
83,NP_157356,1073.371089,CHEBI:71455,ChEBI,"InChI=1S/C41H74N7O18P3S/c1-4-5-6-7-8-9-10-11-12-13-14-15-16-17-18-19-29(49)24-32(51)70-23-22-43-31(50)20-21-44-39(54)36(53)41(2,3)26-63-69(60,61)66-68(58,59)62-25-30-35(65-67(55,56)57)34(52)40(64-30)48-28-47-33-37(42)45-27-46-38(33)48/h27-30,34-36,40,49,52-53H,4-26H2,1-3H3,(H,43,50)(H,44,54)(H,58,59)(H,60,61)(H2,42,45,46)(H2,55,56,57)/p-4/t29-,30+,34+,35+,36-,40+/m0/s1",JKRKJKJSSA,CCCCCCCCCCCCCCCCCC(O)CC(=O)SCCN=C([O-])CCN=C([O-])C(O)C(C)(C)COP(=O)(O)OP(=O)(O)OCC1OC(n2cnc3c(N)ncnc32)C(O)C1OP(=O)([O-])[O-]
84,NP_157356,1073.371089,CHEBI:76373,ChEBI,"InChI=1S/C41H74N7O18P3S/c1-4-5-6-7-8-9-10-11-12-13-14-15-16-17-18-19-29(49)24-32(51)70-23-22-43-31(50)20-21-44-39(54)36(53)41(2,3)26-63-69(60,61)66-68(58,59)62-25-30-35(65-67(55,56)57)34(52)40(64-30)48-28-47-33-37(42)45-27-46-38(33)48/h27-30,34-36,40,49,52-53H,4-26H2,1-3H3,(H,43,50)(H,44,54)(H,58,59)(H,60,61)(H2,42,45,46)(H2,55,56,57)/p-4/t29-,30+,34+,35+,36-,40+/m0/s1",JKRKJKJSSA,CCCCCCCCCCCCCCCCCC(O)CC(=O)SCCN=C([O-])CCN=C([O-])C(O)C(C)(C)COP(=O)(O)OP(=O)(O)OCC1OC(n2cnc3c(N)ncnc32)C(O)C1OP(=O)([O-])[O-]
85,NP_157356,1073.371089,CHEBI:87562,ChEBI,"InChI=1S/C41H74N7O18P3S/c1-4-5-6-7-8-9-10-11-12-13-14-15-16-17-18-19-29(49)24-32(51)70-23-22-43-31(50)20-21-44-39(54)36(53)41(2,3)26-63-69(60,61)66-68(58,59)62-25-30-35(65-67(55,56)57)34(52)40(64-30)48-28-47-33-37(42)45-27-46-38(33)48/h27-30,34-36,40,49,52-53H,4-26H2,1-3H3,(H,43,50)(H,44,54)(H,58,59)(H,60,61)(H2,42,45,46)(H2,55,56,57)/p-4/t29-,30+,34+,35+,36-,40+/m0/s1",JKRKJKJSSA,CCCCCCCCCCCCCCCCCC(O)CC(=O)SCCN=C([O-])CCN=C([O-])C(O)C(C)(C)COP(=O)(O)OP(=O)(O)OCC1OC(n2cnc3c(N)ncnc32)C(O)C1OP(=O)([O-])[O-]
86,NP_79284,356.12598835999,3042,StreptomeDB2,"InChI=1S/C20H20O6/c1-20(2)13-4-3-9(8-21)5-11(13)16-17(24)12-6-10(22)7-14(23)15(12)18(25)19(16)26-20/h5-7,11,13,21-23H,3-4,8H2,1-2H3",UHFFFAOYSA,CC1(C)OC2=C(C(=O)c3cc(O)cc(O)c3C2=O)C2C=C(CO)CCC21
87,NP_79284,356.12598835999,SN00230297,Super_Natural_II,"InChI=1S/C20H20O6/c1-20(2)13-4-3-9(8-21)5-11(13)16-17(24)12-6-10(22)7-14(23)15(12)18(25)19(16)26-20/h5-7,11,13,21-23H,3-4,8H2,1-2H3",UHFFFAOYSA,CC1(C)OC2=C(C(=O)c3cc(O)cc(O)c3C2=O)C2C=C(CO)CCC21
88,NP_2972,398.186,SN00289422,Super_Natural_II,"InChI=1S/C21H31ClO5/c1-12(2)15(24)8-9-20(3)16-7-6-13(19(26)27-5)14(11-23)21(16,4)18(25)10-17(20)22/h6,11,14-18,24-25H,1,7-10H2,2-5H3/t14-,15+,16-,17-,18-,20-,21+/m0/s1",OZFZSNIHSA,C=C(C)C(O)CCC1(C)C(Cl)CC(O)C2(C)C(C=O)C(C(=O)OC)=CCC12
89,NP_15940,364.152203,HMDB35052,Human_Metabolome,"InChI=1/C19H24O7/c1-7-4-18-5-8(7)9(20)3-11(18)19-6-10(21)14(22)17(2,16(25)26-19)13(19)12(18)15(23)24/h8-14,20-22H,1,3-6H2,2H3,(H,23,24)",UHFFFAOYNA,C=C1CC23CC1C(O)CC2C12CC(O)C(O)C(C)(C(=O)O1)C2C3C(=O)O
90,NP_15940,364.152203,SN00389862,Super_Natural_II,"InChI=1/C19H24O7/c1-7-4-18-5-8(7)9(20)3-11(18)19-6-10(21)14(22)17(2,16(25)26-19)13(19)12(18)15(23)24/h8-14,20-22H,1,3-6H2,2H3,(H,23,24)",UHFFFAOYNA,C=C1CC23CC1C(O)CC2C12CC(O)C(O)C(C)(C(=O)O1)C2C3C(=O)O
91,NP_15940,364.152203,SN00402560,Super_Natural_II,"InChI=1/C19H24O7/c1-7-4-18-5-8(7)9(20)3-11(18)19-6-10(21)14(22)17(2,16(25)26-19)13(19)12(18)15(23)24/h8-14,20-22H,1,3-6H2,2H3,(H,23,24)",UHFFFAOYNA,C=C1CC23CC1C(O)CC2C12CC(O)C(O)C(C)(C(=O)O1)C2C3C(=O)O
92,NP_48443,517.26622,SN00088848,Super_Natural_II,"InChI=1S/C26H38N4O7/c1-26(2,3)37-25(36)30-19(13-16-7-5-4-6-8-16)23(33)28-15-17-9-11-18(12-10-17)22(32)29-20(24(34)35)14-21(27)31/h4-8,17-20H,9-15H2,1-3H3,(H2,27,31)(H,28,33)(H,29,32)(H,30,36)(H,34,35)/p-1/t17?,18?,19-,20-/m0/s1",MUGJNUQGSA,CC(C)(C)OC(=O)NC(Cc1ccccc1)C(=O)NCC1CCC(C(=O)NC(CC(N)=O)C(=O)[O-])CC1
93,NP_48443,517.26622,SN00089013,Super_Natural_II,"InChI=1S/C26H38N4O7/c1-26(2,3)37-25(36)30-19(13-16-7-5-4-6-8-16)23(33)28-15-17-9-11-18(12-10-17)22(32)29-20(24(34)35)14-21(27)31/h4-8,17-20H,9-15H2,1-3H3,(H2,27,31)(H,28,33)(H,29,32)(H,30,36)(H,34,35)/p-1/t17?,18?,19-,20-/m0/s1",MUGJNUQGSA,CC(C)(C)OC(=O)NC(Cc1ccccc1)C(=O)NCC1CCC(C(=O)NC(CC(N)=O)C(=O)[O-])CC1
94,NP_153452,1262.82271,SN00216381,Super_Natural_II,"InChI=1S/C65H118N2O21/c1-4-6-8-10-12-14-16-18-19-20-21-22-23-24-25-27-29-31-33-35-37-39-52(75)67-46(47(72)38-36-34-32-30-28-26-17-15-13-11-9-7-5-2)44-83-62-57(79)56(78)59(51(43-70)85-62)86-63-58(80)61(55(77)50(42-69)84-63)88-65(64(81)82)40-48(73)53(66-45(3)71)60(87-65)54(76)49(74)41-68/h19-20,36,38,46-51,53-63,68-70,72-74,76-80H,4-18,21-35,37,39-44H2,1-3H3,(H,66,71)(H,67,75)(H,81,82)/b20-19-,38-36-",WXKOMOLQSA,CCCCCCCCCC=CCCCCCCCCCCCCC(=O)NC(COC1OC(CO)C(OC2OC(CO)C(O)C(OC3(C(=O)O)CC(O)C(NC(C)=O)C(C(O)C(O)CO)O3)C2O)C(O)C1O)C(O)C=CCCCCCCCCCCCCC
95,NP_35264,556.30362,SN00040034,Super_Natural_II,"InChI=1S/C32H44O8/c1-17(33)40-32(9,23(36)12-13-27(2,3)39)25-21(35)15-29(6)22-11-10-18-19(14-20(34)26(38)28(18,4)5)31(22,8)24(37)16-30(25,29)7/h10,12-14,19,21-22,25,34-35,39H,11,15-16H2,1-9H3/b13-12+/t19-,21+,22-,25-,29-,30+,31-,32-/m0/s1",SPQFGWAASA,CC(=O)OC(C)(C(=O)C=CC(C)(C)O)C1C(O)CC2(C)C3CC=C4C(C=C(O)C(=O)C4(C)C)C3(C)C(=O)CC12C
96,NP_35264,556.30362,SN00271300,Super_Natural_II,"InChI=1S/C32H44O8/c1-17(33)40-32(9,23(36)12-13-27(2,3)39)25-21(35)15-29(6)22-11-10-18-19(14-20(34)26(38)28(18,4)5)31(22,8)24(37)16-30(25,29)7/h10,12-14,19,21-22,25,34-35,39H,11,15-16H2,1-9H3/b13-12+/t19-,21+,22-,25-,29-,30+,31-,32-/m0/s1",SPQFGWAASA,CC(=O)OC(C)(C(=O)C=CC(C)(C)O)C1C(O)CC2(C)C3CC=C4C(C=C(O)C(=O)C4(C)C)C3(C)C(=O)CC12C
97,NP_232374,291.18344,SN00302600,Super_Natural_II,"InChI=1S/C17H25NO3/c1-20-16-7-6-12(9-17(16)21-2)15-11-14(19)10-13-5-3-4-8-18(13)15/h6-7,9,13-15,19H,3-5,8,10-11H2,1-2H3/t13-,14+,15+/m0/s1",RRFJBIMHSA,COc1ccc(C2CC(O)CC3CCCCN32)cc1OC
98,NP_232374,291.18344,SN00332177,Super_Natural_II,"InChI=1S/C17H25NO3/c1-20-16-7-6-12(9-17(16)21-2)15-11-14(19)10-13-5-3-4-8-18(13)15/h6-7,9,13-15,19H,3-5,8,10-11H2,1-2H3/t13-,14+,15+/m0/s1",RRFJBIMHSA,COc1ccc(C2CC(O)CC3CCCCN32)cc1OC
99,NP_161018,799.49376,SN00164470,Super_Natural_II,"InChI=1S/C53H68O6/c1-2-3-6-17-43-32-41(24-25-49(43)56)47-30-37-14-11-20-45(29-37)53(27-26-42-31-40-16-9-10-21-46(40)51(57)48(42)33-53)50(52(58)59)44(35-55)19-12-18-39(47)15-8-5-4-7-13-36-22-23-38(28-36)34-54/h9-12,14,16,19-21,24-25,28-29,31-32,36,39,42,44,47-48,50,54-57H,2-8,13,15,17-18,22-23,26-27,30,33-35H2,1H3,(H,58,59)/p-1/b19-12+/t36-,39+,42+,44-,47-,48+,50+,53-/m0/s1",NBVCNGRPSA,CCCCCc1cc(C2Cc3cccc(c3)C3(CCC4C=c5ccccc5=C(O)C4C3)C(C(=O)[O-])C(CO)C=CCC2CCCCCCC2C=C(CO)CC2)ccc1O
